2018 Medicare Spent,2019 Medicare Spent,2020 Medicare Spent,2021 Medicare Spent,2022 Medicare Spent
43734.9,59081.26,58282.33,82498.98,102919.57
2358740.18,2893600.46,1672545.21,816638.2,575464.5
6014.41,6993.69,2835.2,1507.05,3721.28
447.2,313.45,173.65,555.22,7350.2
5188973057.11,5987395996.24,6877768750.59,8038633037.6,9529774415.61
182897.68,35343.08,38403.26,76359897.03999999,251117591.21
209066402.74,311931513.66,416044321.57,470863042.41,528932688.86
129.08,0.0,0.0,0.0,190.3
864556964.1489999,973920709.12,951353365.55,992498890.65,1170510618.7
18015756.36,21338069.09,25607657.94,28855148.78,43629283.2
44237.04,97963.13,58454.93,62839.98,17102.49
3941834.36,7246796.109999999,9173292.36,12027470.95,16997831.62
58132.5,73002.5,4715.78,37118.23,211796.76
0.0,0.0,107433.16,446122.5,616094.0
352727.72000000003,387338.41000000003,394292.48,168436.75,65738.18
29326758.23,86285308.10000001,61754318.94,54244513.39,45867380.86
0.0,0.0,1198452.98,491011.2,67714.86
282276839.85,113970354.11,92413968.34,81098862.00999999,71705187.83
0.0,0.0,2260.43,68012.86,134320.61
6031495.53,4918165.72,4159132.54,3391552.9899999998,2900773.8000000003
85944882.18,52952973.96,36113387.87,4505609.71,2820127.41
1667128139.6399999,1467657302.39,1277387716.31,828392880.6,690693580.63
17968628.57,21802581.36,8835481.87,3554853.99,10133181.14
984357054.3100001,1038023798.49,1344957479.79,1506148240.71,1421034377.65
0.0,0.0,0.0,0.0,440308.89
26305604.98,51287845.86,53370720.19,63707064.02,12345512.51
1447781.55,8353180.08,3447956.0,90928.33,34732.8
0.0,0.0,0.0,0.0,823081.43
0.0,0.0,1038768.48,1155777.05,3019121.16
0.0,0.0,0.0,2150199.45,37955647.07
24973.52,50285.69,60337.049999999996,63012.09,55240.72
3358103.3600000003,3807894.19,4222126.55,4932177.83,13330698.13
6673700.96,29663423.97,58650993.03,89427238.59,26295454.540000003
0.0,0.0,263358.85,408871.37,22445.589999999997
200354195.28,314878838.11,388075958.97,444797872.84,632036187.26
3160142.81,8178777.61,18925776.22,34706105.14,60589108.15
0.0,19207847.56,23580460.78,19232796.87,14722441.61
62043068.45,53002335.21,66893545.74,79662903.42999999,52161249.09
7145535.09,4524771.609999999,2801569.86,11065837.17,5443043.44
47064115.870000005,43257972.019999996,43991641.28,37244786.92,36586049.32
0.0,0.0,0.0,0.0,1258157.84
81263883.91,162666711.24,229151177.45,283766930.46000004,347665621.0
4931.1,5040.41,4792.24,13231.7,10119.54
152144.19,761371.02,696343.68,91322.43,77624.01
630365.57,550771.29,194326.78999999998,107385.18,95803.43000000001
416406510.55,398836343.28,339669859.96,161501146.85,44092882.85
308933390.72,342486470.3301,401695160.84000003,370471000.53000003,435257702.51
253044.77,381581.94,1306019.49,2275058.16,2121960.06
125133485.7,230400423.07,360767593.34000003,440984653.78000003,534069771.51
0.0,0.0,0.0,0.0,164.93
1809.31,1840.3200000000002,2312.25,2437.25,1901.25
0.0,0.0,448360.10000000003,817694.95,1160828.5
139229090.70000002,198642966.10999998,242282126.14,278612634.1,349777279.13
0.0,0.0,111163.84,870934.1000000001,1282956.6500000001
3253311.99,2942262.03,1447463.3,183557.75,34096.21
4018457980.35,4527696123.68,4950910767.59,5544624707.5,5841208806.59
49736653.88,55918448.97,58026492.15,68468937.58,90961369.76
102744450.55,194429837.22,239931030.51999998,143380991.49,12111603.719999999
9426445.23,9803245.73,10699121.04,2450188.22,355893.49
9699143.08,8326485.99,8239657.35,10762750.48,12675534.36
0.0,0.0,253921.86,856355.8200000001,707506.4500000001
0.0,0.0,22611.26,54467.54,84652.24
18775929.67,15239471.64,13993246.28,28948822.03,37827635.82
0.0,0.0,6205470.17,9665207.57,10199978.9
0.0,2112489.82,9527826.649999999,19480517.18,40873130.45
1259.1999999999998,4109.84,1405.02,1655.25,1195.1399999999999
0.0,0.0,0.0,33502.83,44705.79
475801890.9,368043888.4,380713795.54,404432197.0,473845317.67
35967807.45,52431417.879999995,26224075.8,7624736.57,6226487.0
976677.87,3589584.44,3707916.29,1299577.47,104674.25
3136693.59,2364628.28,1416800.79,1273315.75,961067.97
239679289.29,489390056.31,754811701.2,831994327.51,787854458.4
1908571.4500000002,2154513.6599999997,2803861.83,2485469.26,2810938.73
123.38,122.76,177.25,377.91,347.76
36465.71,38291.32,28480.07,6669.37,2736.98
3047366.56,7541389.49,5883618.16,2714502.14,307454.06
0.0,0.0,8682124.57,22630528.32,14877810.99
81242.4,153276.15000000002,141662.86,133801.43,139478.49
3043035485.16,3115889983.46,3236974674.31,3932366545.23,4678957487.76
5140405.8,123829933.19,376350622.33000004,624354021.03,906185656.89
62215.31,715364.0900000001,4313203.65,7211186.84,11734455.56
1324671.37,10054574.0,16524294.55,22136473.5,26798624.5
0.0,0.0,0.0,0.0,773.93
632666.41,1038316.81,1831777.9000000001,2281932.21,3087991.4699999997
1754919641.9,1848859868.99,2158243521.53,2230943631.84,2334739849.78
14016344.53,21860514.93,21531988.62,16872235.41,16242510.229999999
0.0,0.0,0.0,0.0,3661.72
24354528.53,19557388.44,10526019.74,15836154.19,18884747.880000003
0.0,0.0,5476.65,6017.38,6462.67
3435510.0599999996,3251779.2,4876773.6,4276979.8,5835978.42
6240766.32,6165448.98,3092235.37,1707890.55,2052587.25
20498007.54,25153044.78,28916900.74,27396500.38,25669104.44
0.0,0.0,0.0,0.0,9885348.49
0.0,0.0,75982.2,233184.9,213733.34
117527615.94,200302292.65,204034572.07,228805032.9,267570640.89000002
5117132.86,7788067.98,12423596.27,14866328.19,13393358.33
0.0,2444261.85,6826181.76,10820824.59,17155419.810000002
7082171.58,7770048.18,7612124.66,7533587.4,7438959.2
0.0,0.0,0.0,4047058.65,16547290.49
8383.77,8530.15,4863.13,3583.95,3111.34
548148.88,3459790.09,4360276.3100000005,9191822.01,5722830.86
0.0,57429.6,663859.3099999999,1201410.49,1304696.48
1563712666.59,1445620770.83,1464645396.48,1244696377.139,1369192264.69
98630028.12,103808921.6,96791294.38,68068050.69,124029814.15
912859.76,1101059.41,1074024.84,829265.0399999999,712191.8799999999
23485329.81,23039262.66,18321867.33,11577478.55,8918223.16
5605587.85,4616582.75,5543347.06,4381472.09,4077389.94
1189917.06,796123.48,579862.03,424940.83999999997,347613.07000000007
646813.25,54552.02,287928.11,478394.5,963727.4
110533259.58999999,113503902.67,37488706.42,15607922.18,13337165.459999999
47288.21,30668.79,22389.46,13089.61,14080.39
0.0,431699.04,1203742.15,1594938.51,2235180.89
4392883.48,2603527.52,1253823.36,1004580.76,694231.03
19223679.099999998,19588993.630000003,19055450.08,5448266.970000001,719114.2000000001
82213884.01,85487415.38000001,93407236.67,111021695.26,107558088.3
320302.66,202399.4,88767.0,36552.87,6784.5
0.0,0.0,0.0,0.0,6454923.83
0.0,0.0,0.0,0.0,5485812.1
0.0,0.0,0.0,0.0,75471019.37
158088.69,7558965.56,11536234.9,1644924.27,1772407.31
0.0,0.0,10818.57,310062.1,281155.52
871096.76,1202447.14,1343928.44,2114459.4299999997,2820733.74
0.0,7815290.36,20855513.22,10985188.34,2725840.94
13035675.27,53929974.75,104444197.62,149450466.03,173516652.14999998
339.72,882.63,725.54,653.51,417.56
0.0,344.66,0.0,0.0,317.32
449385226.07,623351899.33,811419451.37,874574194.69,1110771260.92
0.0,0.0,1564430.8900000001,1397230.72,1592317.29
0.0,75393987.12,127805673.37,109762440.23,113645345.24
9488225.86,10425283.129999999,10658415.97,10254042.25,8035647.05
24469506.98,23673267.2,21334685.39,5789511.48,398477.51
2946895818.35,3270082056.95,3809111227.0099998,4486629362.84,4776110232.889999
38317707.870000005,48891414.45999999,63211820.0,66322067.580000006,78113691.6
4594338099.79,5641527115.309999,6352820274.7699995,7771166057.4800005,9861444146.07
12998199.87,25121936.33,4681143.649999999,298405.43,51489.76
0.0,0.0,3507793.14,8545575.42,10000943.43
37240150.84,34904448.84,26042379.31,18365652.41,14507746.54
0.0,0.0,155424568.11,176886782.98,140966845.33
0.0,0.0,0.0,110464.52,584289.17
654032.4299999999,1642773.84,2146636.49,2959497.75,3369669.37
7671.17,14115.03,16327.7,15700.65,20738.76
0.0,0.0,1494.92,694.98,939.14
0.0,0.0,0.0,0.0,119161.11
0.0,0.0,0.0,4067189.82,12639888.14
1553026421.93,2205417145.75,2231298120.12,2427040805.9900002,2616689394.88
20089150.81,54476579.98,50789780.64,42454158.07,35277151.33
196726.03999999998,700975.88,1465802.98,1889486.76,1159906.07
31972.31,4063.5499999999997,1846.85,1789.3999999999999,1822.2800000000002
0.0,0.0,441973.87,287804.13,41232.71000000001
27554636.86,36952336.54,40433208.28,55807847.41,73048623.94
0.0,0.0,0.0,0.0,79530.24
251142553.09,234648215.5,212633558.82,187531133.19,183244625.31
0.0,0.0,0.0,0.0,477.79
0.0,0.0,0.0,22459910.48,72738997.68
0.0,0.0,730180.24,1979005.58,4952531.1
224719494.43,254438319.84,217541752.5,174238338.54,210648952.89000002
5944.87,33312.54,23287.5,20445.620000000003,30098.93
74807.08,54105.939999999995,55094.36,41712.17,45293.83
406499.45999999996,385808.48,309543.81999999995,146663.77,623625.92
3263378.4,3429926.77,1790109.54,1617886.57,1765970.07
190041.63,423202.98,323279.95,132218.83,82717.63
1922288.22,2219124.17,1507000.41,658108.4600000001,271242.33
59554.82,104164.70999999999,46024.14,23101.85,20880.489999999998
0.0,0.0,3113878.73,479604.63,35298.06
0.0,0.0,0.0,0.0,2796190.2600000002
0.0,0.0,42361.15,87717.6,73552.22
0.0,0.0,0.0,1413315.44,24647325.96
875197.76,5286720.5600000005,5456556.01,5518185.92,5480813.83
0.0,0.0,17909.92,23939.66,16393.33
2460968.4299999997,3286886.63,3744137.1999999997,3591512.06,3464517.61
46768.16,91928.95,92243.96,112800.08,110115.27
6513.74,4760.85,2809.46,3406.57,3875.06
20027133.14,4189191.42,2145571.28,1287163.53,927322.68
5789674282.589999,8130643168.1,10857904667.37,13573977340.05,16383834584.17
274927.97,279034.52,298195.22,303450.81,304875.82999999996
88085.14,34588.26,22576.06,785695.04,3125313.91
49438.4,20896.129999999997,15304.23,10038.039999999999,3410.16
0.0,0.0,0.0,0.0,2140.49
415891187.22,464574409.87,382176030.85,399733779.15,443449952.90000004
6044592.76,4708649.19,3503808.89,2813390.81,3452282.44
313323262.48,275350129.6,252754039.8,243420819.65,258009375.48999998
21068788.92,29982611.82,24085741.18,15748332.37,13367910.58
0.0,0.0,0.0,0.0,27971.89
450665982.78000003,482261883.93,514928046.02,561794125.61,635589952.02
75963943.51,73038606.67,55764286.81,47560076.949999996,43007713.57
1167428.87,1342497.98,1374114.93,1393203.54,1604726.84
3040.29,5568.85,4382.14,3477.51,4136.83
0.0,0.0,7400574.39,17432264.68,22001911.47
730905611.5,750927920.19,939825978.49,1121959473.67,1268842194.74
22360057.19,35271597.63,40882731.77,39042411.53,41738567.31
273611686.51,291717326.23,311481527.74,328982192.44,343034441.59000003
6690.34,6441.32,6103.8,4120.61,3891.28
0.0,136100.77,8685656.430000002,21175487.91,25146355.689999998
198689.72,139611.14,147721.16999999998,157814.59999999998,150145.01
201122.11000000002,209962.09,143259.15,121299.17,94962.40000000001
425.62,395.89,321.75,461.46,210.72
0.0,0.0,12508806.89,82575004.94,303322612.69
133.45,57.16,425.25,904.4200000000001,1932.27
360403.06,242579.87,37266.11,75718.11,97163.37
70392819.53,114134958.2,176612564.64000002,224476443.67000002,211865506.49
0.0,0.0,0.0,468574.58,854406.5
5419471.53,5753330.4,6355566.86,4185732.54,3240354.49
78786257.21000001,161119269.0,193004881.1,197719984.75,234183770.43
0.0,0.0,0.0,26481757.02,47943573.38
24252445.0,72312893.02,112897132.35,131939761.62,148466202.51
1709285307.1799998,1819489793.44,1731073595.34,1234258521.18,913954236.7
10983611.81,10552749.35,9407504.88,8642617.13,8056429.24
0.0,0.0,18933231.93,118402787.48,276493155.34
49457756.57,55196171.91,64123065.09,54746006.14,45831812.9
1073.79,589.31,1270.48,964.19,1023.29
40900044.46,98715744.82,83595748.75,68878622.83,55100332.43
215680.1,534927.57,729417.87,856592.73,238973.82
0.0,0.0,0.0,0.0,336832.58
170766868.55,164039498.94,156491868.17,186493545.74,235336219.84
0.0,0.0,0.0,9020923.67,30108130.01
0.0,0.0,6909824.0,15536747.39,32282508.81
401.44,470.67,327.03,365.98,585.29
5978474412.62,7179785625.24,8732761936.87,10538410597.52,12917329036.26
0.0,2987.99,2081804.5599999998,802423.55,356724.93
82367256.53999999,95101277.36,88371603.02,120239040.97999999,83556577.08
206079284.18,269584467.13,326350800.82,356198554.87,393420160.63
0.0,0.0,1341.77,40840.42,43286.86
0.0,0.0,0.0,0.0,249.72
0.0,9872901.41,13295814.92,9050194.44,6434035.49
0.0,0.0,0.0,59571.16,243551.43
403894861.48,507146377.19,602451456.75,631195808.55,636714673.22
225538.1,206383.73,347316.35,194877.71,182460.34
31196.78,43872.08,62328.0,59052.51,51663.619999999995
2237.14,4179.68,4799.28,6006.62,5217.64
0.0,0.0,0.0,0.0,2522852.07
704913105.33,656177439.78,755589822.74,882915695.62,1128786636.1200001
9071.380000000001,6775.65,2399.43,2404.49,1876.02
1868130.59,6638053.05,11192539.48,11061449.870000001,12212590.91
577061.62,442385.33,266180.01,162378.0,38203.75
2330.51,0.0,1894.1,1767.38,1796.16
21540.82,20493.57,15404.07,13143.060000000001,15800.06
27347.14,25218.17,28371.04,19870.05,16941.1
93125740.07000001,103230390.63,77450342.12,89005660.11,104118703.55
30798308.270000003,33005338.83,34728982.74,36370936.75,32220402.7
175867.74,358268.96,843952.15,1669514.27,8573384.47
0.0,0.0,0.0,18804.59,347993.77999999997
0.0,59859319.81,79392496.11,92703276.21,126614541.84
318260884.85,400985073.67,274593311.36,9033522.95,4275592.56
5066942970.1,5975823072.650001,6987908593.58,7732015193.61,7973977223.54
0.0,1399.21,1145870.89,7395402.029999999,134915696.95
8932.67,8714.34,9541.51,6645.16,5551.76
61227398.78,49792572.28,44857861.29,43941186.09,44009195.72
2007.54,1378.84,1658.1,2200.3,505.75
0.0,0.0,0.0,335305.71,1394706.0
2048.15,1226.97,3029.4800000000005,2502.0099999999998,1806.6499999999999
164995.61000000002,170549.69,141050.99,116199.64,121263.62000000001
0.0,746097.74,16500682.63,16877018.8,10708700.88
0.0,0.0,0.0,195550.3,11726920.65
0.0,0.0,364152.52,4147457.81,4544439.27
3985627.16,3790508.18,8463759.14,23305564.73,54023093.73
1762684.74,6167497.449999999,3986019.41,7617821.35,12141853.25
565543746.55,686788119.12,725553945.53,915675125.74,987544120.959
0.0,1461852.13,2747874.31,1556884.53,87566.13
0.0,8197.29,119393.98999999999,114208.82,130883.65
0.0,0.0,0.0,0.0,13756.51
183389.87,322355.26,270352.62,260931.5,218043.24
0.0,0.0,0.0,752674.74,3293189.71
6755554.68,3647619.13,988283.28,549561.6,370241.84
30101266.27,60238183.12,70706783.92,64385480.43,49037919.24
429005.41,281256.31,360094.91000000003,440268.46,653638.4400000001
4372170.97,3768424.31,8320564.92,11135633.48,11577376.82
0.0,2390300.23,8343087.44,8381826.68,6204813.76
2397037.59,2384620.84,2423347.2399999998,2360333.19,2434659.13
65822102.47,153221815.59,277255502.78,358384096.21000004,383683294.96
40400859.82,36106770.79,35590472.5,35353370.84,34448817.620000005
104791706.14,132392600.66,153690298.69,165795595.2,187312598.48
0.0,0.0,0.0,4249.19,272845.68
54786614.22,59622249.93,58732828.26,60651786.07,80415394.76
4163795.52,6716837.08,6540289.73,6792964.4,6283761.73
0.0,0.0,0.0,0.0,312485.0
29016.11,18648.01,7962.28,3976.24,1719.33
1407247.22,1330482.33,886551.94,659387.04,381610.24
134660.81,126186.11,81160.98999999999,59922.53,43408.48
7846184.53,29840381.03,40299729.160000004,40787135.370000005,41900339.47
546917.04,2065134.06,2611433.0100000002,2897946.33,1773393.2
164184.74,170322.61,56601.91,65291.43,25307.33
0.0,0.0,0.0,0.0,37696367.44
3996471.6,4143724.94,4511924.09,4971396.66,4570161.04
0.0,0.0,1541878.74,2429870.65,1890984.21
0.0,0.0,0.0,0.0,1019384.57
747405.51,878683.09,688532.0,442224.36,426618.79
15678108.459999999,9992041.620000001,10318478.73,10727228.049999999,11286040.55
252877736.16000003,144803646.91,118653141.0,74570969.06,44446401.239999995
4032.68,11992.47,23617.6,698560.59,1690281.95
767644.68,697170.44,31516.02,6562.67,386.81
0.0,0.0,16379736.41,36976954.85,44753132.14
302700.55,190820.82,163000.94,146997.09,127282.54
2973.8,0.0,0.0,352905.44,543273.1
0.0,0.0,0.0,54500.1,173864.06
0.0,0.0,0.0,0.0,2800009.08
0.0,125758.98,940911.69,1295810.2,482563.8
2204256.54,2508508.27,3382046.73,3605684.17,3679156.2
2370528.47,2977391.27,3598177.48,4579812.47,5484305.35
295.63,791.83,1298.3,1992.08,2527.7
0.0,0.0,0.0,0.0,614.5
24603506.47,24641679.82,25021067.39,23665005.07,23441956.5
392067.88,334500.27,223303.56,272736.08,239487.8
0.0,124702139.12,215418306.63,274796160.56,367261094.1
0.0,0.0,0.0,0.0,18639.88
0.0,0.0,0.0,0.0,8318.98
1319079637.49,1313408594.78,1307440338.75,1363429745.02,1539976335.33
21341031.09,18281282.349999998,23926227.650000002,23537992.96,20517764.29
332552.72000000003,254778.36,93080.07,70117.83,46821.1
2677241.99,3732623.91,6073007.09,7892768.65,10515065.26
109051.78,113373.19,140394.58,161219.36,196104.66
49218535.269999996,126761667.47,166806366.24,194791796.72,117959924.5
25274.94,42022.67,99178.94,268561.57,371014.72000000003
5710144.57,7673600.03,8200556.34,5348182.49,4264372.74
180748.21,25078.81,12719.23,0.0,1097.66
6748432.680000001,9240842.3,12572182.89,17164901.25,6874677.08
53096590.46,63395767.36,65848712.78,80547723.77,33236192.23
200644.28,243762.3,191289.98,162789.0,156002.84
3998392.12,6048243.56,7770324.76,4806105.15,4492654.99
0.0,166054.15,1157154.26,1727496.93,1840708.32
268082914.25,424801157.58000004,540865291.29,601588051.49,736171390.7
22178234.16,19678260.33,18095334.51,16176125.3,11359708.29
6369481160.39,7352318075.58,8416834313.56,10020815933.42,11879482964.19
20421145.92,18813188.07,18507490.18,17331353.7,15998192.55
0.0,0.0,0.0,0.0,159.39
526065480.65,543601603.92,601142705.8199999,584920003.2,514938652.65
0.0,0.0,0.0,0.0,5150262.27
4479214.12,6850174.17,7343529.55,6651056.35,6571998.9
0.0,697483.89,21972245.650000002,63890442.43000001,105277362.51
195436336.14999998,133574644.45,74693329.64,73152875.75,75782482.18
0.0,13367.38,150497.83,1930141.4300000002,2753501.7500000005
90696891.7,108678981.08,98755579.14,127131307.03999999,156250653.63
0.0,0.0,2816559.88,8150727.15,14801231.93
0.0,0.0,0.0,67.59,150.94
0.0,0.0,4875672.13,33230629.07,59468839.3
0.0,0.0,0.0,0.0,77895.69
0.0,0.0,0.0,374427.84,1393711.88
1008673.48,689358.65,404246.4,235528.16,145893.74
17277.97,8013.83,3247.5,5332.77,6321.0
3069.42,12448.27,41822.82,147174.85,118599.5
10758493.3,5165693.99,5113721.8100000005,4374542.08,2977662.8
328494784.53,438739174.07,389831480.56,668601960.42,923240109.0600001
249624.15000000002,298542.87,434448.95999999996,679958.6699999999,1204986.6800000002
0.0,0.0,2144619.58,11731516.59,12068274.14
0.0,0.0,0.0,0.0,114396.77
118721.12,2842004.62,25550976.91,31536986.51,35035829.69
227401.46,120651.95,89879.49,75958.34,74209.34
11680.38,64368.56,539985.59,1590803.95,502770.45999999996
2453944.9299999997,5068618.19,5229042.82,13566397.829999998,21171405.09
1072177.46,900136.36,772773.37,599705.96,518804.86
13149.08,1338087.99,1981397.49,2248307.86,381985.4
0.0,0.0,0.0,552699.18,16507967.879999999
3582.31,6305.64,7217.68,7040.39,18239.550000000003
0.0,13691.66,78003.23,222539.72,385778.0
0.0,0.0,0.0,3947521.12,3100714.34
854213869.02,663061328.56,671511634.13,536001280.59000003,165160222.53
89909.53,863057.7,6235316.67,11686123.58,9177303.69
0.0,53270.8,142537.85,1164264.29,5371513.53
0.0,14796.37,89221.63,47956.08,51853.43
31261.44,19344.8,10581.17,345220.39999999997,832986.1399999999
186120534.99,135553053.74,82385126.88,76558430.09,76652269.13
6399495.76,7311769.73,5472598.5,5259096.21,5513607.52
961408.71,3477466.5599999996,17047915.34,32256377.57,36545175.0
63031674.94,91091596.92999999,123810990.86,132329446.55,87924616.98
827559.52,892948.1599999999,1668110.55,2176137.8600000003,1658777.06
140670826.39000002,241249372.67000002,344310330.66,381773439.85,427751310.56
2982557.34,2965780.05,1711205.86,1194536.05,814161.58
1013.76,1347.11,1031.77,555.32,984.63
16602.9,7329.5,2875.26,5037.05,1500.6599999999999
0.0,161276.08,55914.44,45261.7,21461.29
220067.24,237883.3,221880.93,248515.22,272943.89
16201996.67,9639900.82,11190264.180000002,16982755.79,12377941.83
19677947.66,20659450.860000003,16466044.629999999,15883983.6,11279469.14
115301.06,39467.93,24038.67,26084.69,17839.7
0.0,0.0,57030.32,590891.07,568458.49
25872117.54,24262003.93,16786264.6,8515411.44,10072729.82
1294161201.48,1306971277.73,1411811853.3100002,1559666638.1,1481637193.54
130523440.19,132676233.62,127856836.18,123904981.19,127758478.59
7254305.83,6589154.83,6528248.11,5937318.86,3441812.98
927897.92,788198.51,740523.14,482278.24,312525.64
783766311.4699999,472858876.78,446816618.31,356514543.46,310806385.6
7128232279.32,6063235015.17,5410283935.42,5444074742.82,5740760817.72
846.13,1798945.69,1252873.52,1556883.1400000001,1606507.1400000001
7067177549.92,7692650100.5,8363610784.28,8761909430.789999,9622532747.470001
52853415.769999996,77853738.89,103551208.15,128052168.28999999,155050119.54
728810010.58,749780627.62,814247448.66,919989265.47,1031721103.62
2565504.9,9667609.28,13736834.44,18522843.27,23404309.58
0.0,189465.11,47599742.73,66140617.43,77713365.18
11302723.26,12697875.299999999,12115844.76,9180484.370000001,7971671.96
51309454.02,32048808.73,1557550.4,263756.83,50508.43
1724875.42,17140443.8,38957736.95,173352746.47,259303467.56
0.0,0.0,0.0,0.0,4735.9
381379815.33,334105624.99,413333139.5,409959135.27,319115369.42
11791900.36,13232580.33,13260563.71,9084282.95,4640927.58
23269642.77,24371362.54,23340127.919999998,19234125.04,6013851.55
160503.24,142030.53,103769.7,108516.17,111222.45
3069766.2600000002,996126.2100000001,248455.04,450363.48,258530.74000000002
465797519.53,539153421.45,586742335.5699999,648737291.88,703599212.4599999
548.83,0.0,0.0,1522.42,14216.86
191476.91,271885.49,143294.21,91707.23,71159.83
2047225.2,2341815.45,2830933.16,2845825.0,2806040.81
1037535.85,770386.2000000001,738863.69,703952.87,3462613.33
16504509.22,15875977.34,16137287.41,14076534.52,13300889.85
0.0,1200834.11,31542408.29,55827154.21,65551787.43
19963960.52,20672725.86,6205931.57,2037738.54,294187.79000000004
0.0,85628.68,22839.28,4505.0,2121.7
626522.94,562302.04,530304.97,634819.4400000001,634171.41
1277637.14,8771931.69,9794595.1,10949332.370000001,13841382.56
0.0,0.0,0.0,0.0,454339.33
0.0,956666.04,9241340.21,9524990.1,3227419.92
111543.66,109755.32,77664.84,316671.72,245234.66
143405830.34,129157145.48,107366087.12,92688463.14,90561898.16
370338.85,236780.66,154054.17,94264.47,74261.54
0.0,0.0,0.0,0.0,38887.31
8140696.05,9362495.28,13048274.71,36554750.26,37608322.92999999
724.8800000000001,298.58000000000004,504.84000000000003,575.02,614.45
544576.03,1994691.51,1994579.2,1398664.1,667105.35
6763.3,16526.57,39247.43,41704.53,35086.65
47941288.61,63101368.410000004,46239903.15,36890509.71,34204631.27
34062584.84,32800085.72,17389928.13,6376099.22,4775335.27
295737964.95,376651112.84,477378863.11,566180296.11,640519314.16
29861.309999999998,102216.58,123428.76999999999,107069.1,18816.78
55743.47,186779.38,263793.67,277422.68,656764.45
100139.6,179819.96,157917.15,103892.86,102201.08
874303.1799999999,830139.6699999999,472308.18,162983.72,25901.420000000002
0.0,2035.0,0.0,20576.42,8588.31
45031650.67,27360326.38,26668497.39,25708470.13,27881439.17
2733101.95,2107833.89,1635421.03,1345822.07,1352337.25
0.0,0.0,0.0,0.0,567042.25
311428.23,5843962.02,19195181.040000003,23911332.419999998,34662139.21
0.0,0.0,0.0,0.0,705365.17
50602404.08,19569872.98,16660736.479999999,7626778.61,1023584.79
0.0,12936646.56,16514667.389999999,19906837.009999998,26049016.45
0.0,0.0,0.0,326.29,630.7
0.0,0.0,0.0,0.0,2396492.86
48350935.86,27095005.77,4617195.51,199195.37,38891.63
0.0,0.0,0.0,0.0,1534221.85
0.0,0.0,345273.61,7576456.680000001,23854023.139999997
925013339.45,1124858034.6,1302979803.9699998,1511229821.6399999,1806319096.9599998
276820041.88,198310475.16,160945472.63000003,148190155.51,152849630.73
58778330.6,202107518.98,285546419.61,355975407.96000004,340090501.74
0.0,0.0,26389.91,947185.96,1500934.34
0.0,0.0,0.0,1404195.69,2983645.06
187891.66,7011325.03,19454726.360000003,5091856.010000001,1498852.95
5236221.11,76866248.87,98355319.06,102789693.85,126923540.16
10625921.469999999,39920924.12,76248988.22,124173725.99,178877048.02
50859131.0,21959380.12,7953263.33,5297071.55,1486871.31
82890.06,26963.13,14860.9,12060.69,11491.5
52439145.58,76412499.07,97483169.96,116167277.44,132584846.54
17160997.65,107300.83,6523.129999999999,3301.52,3820.0299999999997
690260.82,394140.50000000006,318909.7,260621.82,268184.16
318216.47,579319.77,503252.91,446926.0,462285.59
0.0,0.0,12480688.32,47511497.85,108476659.61
0.0,0.0,0.0,273986.24,1011523.24
9584562.180000002,2397327.66,903260.54,74551.84,64899.49
31184756.650000002,38085731.89,45437303.17,47841661.24,52705419.43
0.0,0.0,147849.6,352695.45,547268.6
0.0,721850.96,2262328.94,2609386.45,3373440.26
1410.72,1791.11,3095.67,2609.64,2970.33
2291964.0,1656293.59,921613.53,68421.66,17986.87
1425067.98,2503035.25,8575266.62,10537120.34,985663.3200000001
1497144250.02,919600409.07,977372934.62,1354945738.3600001,1688334663.18
582602043.72,796002364.19,1106356248.4,1567482458.4,2339082716.0
6392703827.35,7241631681.96,7923617191.79,8219706333.73,8834844821.769999
948352988.24,1046594984.33,1097964639.5,1075578281.49,1078721076.19
358187.32,422651.9,352221.33,109530.35,92859.26
230729278.76999998,313270525.75,397866514.48,433864025.56,457553474.09000003
0.0,836708.89,4965428.53,10241348.55,11955145.77
104407.75,2162553.07,3637393.74,2472908.4899999998,1129801.22
145539.54,67938.57,62949.95,85683.27,1095849.56
159667547.78,175560892.81,197525885.78,175566698.9,123113490.03
106351235.55,140690556.05,154888500.46,136930706.12,105745260.94
0.0,0.0,0.0,21356248.44,100434804.44
0.0,2460128.41,4104247.18,8463014.41,12216656.329999998
5958670.54,4052672.51,3041274.33,3079706.22,361941.04
0.0,0.0,0.0,0.0,288719.31
0.0,16198198.34,48683550.49,69551731.92,86816590.79
51315688.67,86833965.04,113349510.13,146360859.58,173634923.57
116014333.79,144710583.14,196402946.54,199110901.46,194683927.54
0.0,0.0,0.0,3659617.88,11710169.55
33297.56,23951.62,13793.109999999999,13660.91,193425.38999999998
135818773.23,164444021.79000002,189976413.44,206523792.69,207071879.08999997
165888961.75,175465014.18,224471725.69099998,197891976.91,84658525.78
605.58,453.96,371.51,308.74,506.52
2469759.75,2700215.41,20629041.87,39255064.32,46485716.42
8602757.56,9199374.75,7999795.87,7590638.08,7189512.67
460339.26,1365469.5699999998,2101227.9,2315546.73,3046104.73
299.92,1335.64,2272.79,2831.66,1473.31
630559991.41,415268104.79,407464127.08,326678187.27,276690702.98
130726.43,126921.96,150724.26,153448.73,179804.59999999998
1814.92,4678.12,773.69,3031.24,2891.35
0.0,2339476.78,1128319.1099999999,5403156.220000001,13976286.56
154772.61,107213.66,278032.56,323986.41,338051.72000000003
4935574.4,5316092.859999999,4500912.74,1887662.3599999999,2977259.3200000003
423611.21,388969.95,451469.5,387772.05,543714.84
0.0,10038868.01,16526674.69,19791686.46,8094404.63
79566845.94,91488026.73,103489973.58,118621604.32,132772105.18
555293.19,2502098.49,4544390.6,3472445.23,3821584.96
232913490.56,225006378.58,195048265.98999998,131198796.25,136694502.78
12527633.27,13910288.27,11089920.66,12262482.329999998,23067395.01
0.0,0.0,8745231.03,12105473.680000002,13184617.370000001
8985928.06,11727238.55,13645487.4,15852872.92,4190090.18
785364.17,5379244.66,19287899.41,84338622.75,84466872.74000001
0.0,0.0,0.0,0.0,227950.71
0.0,0.0,0.0,0.0,662681.56
0.0,0.0,0.0,0.0,1925.88
413090217.05,313491384.44,315357180.94,154683857.61,103346894.96000001
1155389.54,1102575.71,973448.97,830169.31,228905.8
1366862532.95,1639867027.32,1452879216.29,1517396366.31,1558545717.389
264066589.47,333781203.54,349571059.87,324919014.11,348023220.51
721014.05,940092.69,3474995.1999999997,6175590.71,8926960.18
0.0,0.0,0.0,0.0,156243.16
13254031.92,13627359.09,13477741.14,10883263.48,9659639.5
3005315.71,2634655.94,2962223.9,2508018.18,1982538.1
1254115352.76,1262132228.44,1166631684.51,983794558.77,942488120.83
0.0,532894.61,2701830.14,3358340.8,3638798.9
23327078.39,33458004.509999998,36691086.86,40563024.57,39368649.08
294926.39,752279.99,472060.43,695200.51,874667.52
0.0,0.0,0.0,0.0,1428065.07
236925170.66,171107661.44,171013742.52,163686816.56,140405657.43
2164071.34,1665154.72,1767846.7,1558370.5300000003,1232167.17
219061.94,228043.31,184965.16999999998,133298.57,26029.22
46957282.08,43653454.82,28820744.05,21756038.209999997,20167738.84
46529.11,43786.13,49722.66,68715.39,66711.66
5224.72,11308.52,10962.73,8146.1,15872.34
9619518.9,12197221.25,14514048.91,15516395.81,17615129.23
9408.689999999999,7449.49,8276.619999999999,6399.82,5844.63
283059.20999999996,168402.25,109754.82,103789.57999999999,90396.09999999999
25203.55,148685.6,240640.51,421360.23,2602510.91
0.0,78071.55,10022.97,0.0,12123.55
272917.33,275966.68,244722.39,328195.71,391928.13
0.0,1408.82,14310.86,6836.26,3310.64
48505.659999999996,386322.28,645480.3300000001,2232159.61,2678417.26
0.0,23080.46,198709.24,392239.44,577548.75
4093420.6999999997,4084447.85,560303.1599999999,104090.83,84314.84
247.86,183.19,635.51,587.28,509.02
0.0,195448.49,1582709.3699999999,6317109.45,8209130.2
0.0,0.0,0.0,0.0,12408.55
0.0,0.0,23241.21,15902.62,11855.33
98334.81,1383953.67,2002484.46,2280207.28,2466530.24
1854812.45,4375499.2,2254592.67,1638812.88,1429072.76
5058257587.72,5337984160.58,5772537752.09,6006817742.71,6021444803.85
140628798.57000002,94030244.21000001,28659025.25,12807237.41,6138683.9
2451466.5300000003,2992600.3600000003,2461955.92,2766118.61,2876832.8200000003
4509.21,86.21,3359.31,1536.5,242.28
0.0,0.0,6096.35,19184.76,46212.79
1736835.83,3725949.78,8708656.81,12305849.18,8381005.4
232.02,2158.96,3236.1,1315.29,2390.02
7109059.67,5449702.04,5837564.84,6830328.89,9095166.99
2269273.38,20710492.26,84821840.31,150170030.33,223184701.59
1761715.3,2105808.44,2965896.92,4341424.2,4244850.93
865906.39,463833.12,255575.97,301852.56,265734.39
0.0,3502019.06,5089738.47,8060545.38,9719487.04
0.0,0.0,0.0,0.0,1784093.89
0.0,0.0,0.0,0.0,3413811.55
812730.8600000001,1253236.8900000001,1084191.62,1224150.8399999999,916425.92
64233759.65,67589596.66,66883208.84,64950859.339999996,134127209.08000001
0.0,0.0,0.0,0.0,758907.12
0.0,0.0,169304.87,291196.6,204188.47
7028286.92,6474661.34,5911102.63,4913662.8,3306223.16
0.0,0.0,0.0,808990.23,312554.68
57571424.129999995,42687847.94,30725176.54,24372153.55,16153996.89
51063392.19,38716132.84,21060389.61,17653714.62,14197117.26
0.0,0.0,0.0,0.0,95338.24
1919706857.66,1981859517.8899999,2053534462.39,1928358878.31,1745886703.44
0.0,0.0,0.0,178.19,366.64
44214768.57,42858564.97,42554166.39,39603876.83,34206272.82
318032.4,262429.63,212143.1,248135.58,275105.17
95885245.39999999,84493561.0,71071870.36,73129610.61,79167723.34
78145919.87,113896346.16999999,96817438.11,58055708.51,37711796.940000005
61120312.23,18388702.52,23270674.68,23859410.630000003,14911099.39
19208834.39,11197251.68,15570395.35,13965443.37,3430866.6
0.0,102687.29,226614.16,67681.93,104379.48
3840431.38,4643105.84,4212566.0,3843281.85,212124.65
642.28,2056.82,757.29,872.0,1345.18
81569.72,67801.41,60874.32,50504.46,6116.76
0.0,0.0,0.0,0.0,8095503.68
0.0,0.0,0.0,52057762.01,166605651.20000002
0.0,0.0,76190.76,8310079.5,17180575.41
109903.98,110366.04,71731.75,104905.29,447017.41
2213065.69,3393844.95,8432050.58,9047448.18,7379846.4
511980.74,713371.1,685531.08,351243.73,234321.81
0.0,0.0,756.14,4360.51,1455.61
362314.98,499916.05,583655.16,648229.5700000001,722741.1900000001
11660332.18,11934899.16,7680232.4,4646517.05,3269108.67
0.0,0.0,0.0,145164431.45000002,331609330.75
0.0,0.0,1303028.09,5591383.8,10355204.87
308166321.93,573700687.1800001,793227065.74,930484684.83,1284664486.64
36178085.08,37442464.49,10801148.31,7366197.77,6750890.9399999995
0.0,0.0,0.0,0.0,60.93
0.0,0.0,2726.32,119505.83,236709.90000000002
0.0,5339.52,7784.55,4017.15,2509.62
5212735.72,6355057.6,6903578.25,7011728.63,6502931.8
8320113.41,29554690.56,44389910.39,51391661.23,68380135.36
44984.48,104957.09,91112.26000000001,16388.86,30094.17
0.0,0.0,0.0,0.0,108683.71
22742.29,2252.23,5255.63,13373.2,2831.82
0.0,6572.19,9720.78,92175.37,148158.65
30700501.7,17180918.81,6746062.74,5723488.41,3772042.2
65635.94,116125.12,173940.81,158383.08,162668.51
426292026.36,694028494.96,779686783.16,844405877.01,868016581.8199999
3413032.6,15037729.46,29598068.299999997,25518615.97,20016861.950000003
34400883.129999995,44338857.43,42839943.69,46901302.65,39948993.49
24783.77,34507.3,61435.37,125466.74,116167.33
2420520.79,153212294.32,414848751.44,473061020.49,493776299.52
0.0,0.0,0.0,0.0,3057.22
3698485804.61,4252679395.2799997,4702410441.74,5569035193.79,6738662728.38
1574378.79,1226594.76,1176435.52,1190789.23,1147266.68
558230.8,574151.63,587859.75,567264.99,11434.31
1499070.44,1446632.22,1417103.29,889865.29,356365.91
7113472.16,6907504.94,8019444.16,10606163.98,12841160.77
2878440.62,34491219.160000004,48877465.190000005,71443679.31,126518169.84
8218287748.7699995,9452227616.16,10403008964.58,11751083201.56,14006838771.029999
25639858.32,24641802.22,23084346.86,20904241.63,10760809.71
0.0,0.0,0.0,0.0,669762.06
240893428.07,277391826.44,297339981.17,294305528.92,297138480.63
5598415.16,4986011.79,5995246.56,6025274.26,5957493.3
0.0,2047.1,1633100.26,6371238.57,4109913.79
424877135.39,423804863.67,411620794.88,278610615.9,226072487.64
39155516.02,26445365.23,20177161.72,17967544.15,11818603.5
82973255.93,132592981.24000001,147104702.37,193723948.31,265516503.44
1161955.13,1235081.85,248346.05,700679.77,1097858.64
31043782.82,60376209.36,54897730.86,66309787.25,47659585.089999996
49501.24,40432.2,29412.71,28704.620000000003,23770.32
20934903.92,45863705.84,61315676.04,39639508.36,36135697.56
600667.85,3963249.66,8228874.77,11979404.04,15573543.22
9320627.29,7492287.95,4870757.64,5500961.13,5467459.02
2058978.52,2657432.14,3609733.0599999996,5036443.19,4869156.5600000005
24942337.61,33592369.97,30098648.85,27785930.71,26416647.62
0.0,0.0,0.0,27103399.439999998,164640409.42999998
7019526.67,8573178.15,8906439.36,9656752.629999999,12187940.74
0.0,0.0,0.0,38320.82,2128913.13
675541203.41,851858323.41,943229968.71,1008148769.38,1158680114.75
11657613.7,10919575.67,12431073.14,13047891.52,13812199.65
381657.94,578189.14,332038.76999999996,353465.35,309076.51
0.0,106.64,1590589.44,11956002.06,19420722.3
0.0,0.0,0.0,283569.18,11557368.39
0.0,0.0,0.0,0.0,6182539.79
104093025.85,78043423.61999999,91859929.41,128391755.811,126675997.25999999
33254906.57,57210633.32,52006806.73,60740756.04,63411719.58
1973381.48,2506984.0,4219352.11,1825191.23,54122.9
742783340.61,794941770.04,705330715.83,635827692.91,639550184.24
1535912.27,1320667.1199999999,1035111.73,1059168.96,3923435.44
26395.58,1429570.9300000002,2011320.09,2349047.5900000003,3790926.52
19975.25,21685.46,5375.79,9002.9,4364.42
37570.46,54086.6,82554.87,51020.89,98871.27
0.0,2856598.83,11447781.36,23584012.66,44132806.21
0.0,0.0,0.0,3233407.82,3645062.51
166580.32,270071.33999999997,411563.83,472173.69,436653.33999999997
114903121.14,344518342.21,157357331.9,23453259.97,10940340.120000001
1806.79,3904.7700000000004,6590.31,17671.670000000002,2065.35
35797922.9,38410606.58,13046160.77,2811616.38,1379343.45
13270424.63,7690944.9399999995,5999787.9,1400596.98,195917.33
6006270.069999999,5558213.11,2489198.6300000004,838138.3200000001,428456.26999999996
349053851.98,380574935.81,424616703.22,319325152.73,286861785.94
1363500.83,1177423.49,984876.03,807939.26,819906.24
3015939326.72,3843393531.5699997,4725735399.81,4741208329.97,4906347757.64
1279450.92,1342464.51,1832161.0899999999,3065692.3600000003,7896046.15
1794257.42,1391460.24,1054736.76,788578.1,603995.33
157444.61,109582.78,97363.06999999999,78626.5,103283.21
19218.46,45214.49,48059.17,24494.49,48813.4
3280065548.3200006,2334718972.58,443037175.21,316912603.2,280768140.55
50788.16,30554.58,37114.81,23590.14,20856.21
22719515.62,36745660.67,55242537.66,69912788.64,74254134.53999999
645.63,842.43,546.72,0.0,677.75
300120.11,20762.72,2868.09,216.76,849.04
120332809.0,130327500.73,132110845.32000001,137592903.3,142458214.59
31767.14,16976.22,11800.57,8273.86,3360.24
1866976560.6,2439968991.1,2962909303.6,3150225809.6,2853910970.4
9757786.74,8422472.98,6432393.08,770875.78,183532.67
0.0,0.0,0.0,0.0,20049428.37
5106684.69,36257040.87,47254497.25,50470746.1,51275046.59
17968132.63,12381934.14,6994270.06,4667693.98,1812173.91
0.0,72620.18,270420.83999999997,253444.82,342027.49
0.0,0.0,528.44,1578.57,673.75
0.0,0.0,0.0,1398249.43,2771629.91
11456.76,10455.07,7276.43,5619.51,4125.360000000001
261667343.25,503614964.12,589048804.78,570106546.76,656820373.9
8291355.5,5700504.359999999,3878545.76,3075817.9899999998,1815240.1099999999
16995.03,12984.51,10822.84,9426.650000000001,11754.63
0.0,0.0,0.0,60958.59,103899.05
8047.23,4344.42,2713.5299999999997,2792.42,1401.05
0.0,0.0,0.0,3283.66,2332.24
640214.64,625705.29,941082.68,800565.59,1283053.98
983462.22,944405.86,350930.46,94444.05,42399.71
2837213.16,3027894.5500000003,3215695.23,963796.28,124175.87
0.0,0.0,9198928.37,12132040.77,10513004.19
0.0,0.0,0.0,0.0,65351.61
58381.31,57987.01,34434.41,23196.36,17217.829999999998
0.0,2645232.44,5876990.56,7596447.72,11065607.96
25587361.43,41499616.26,42196971.87,30227648.5,31488068.01
6759306.76,7365158.7,5391835.95,5412179.01,5740570.12
813550008.45,703808695.8199999,634043763.83,510503911.75,466196051.67
58459.170000000006,30027.420000000002,39472.71,71672.92,162753.3
11008.0,7180.93,1681.87,1642.53,1041.65
0.0,0.0,0.0,770636.55,2713558.38
6295666.45,19620159.42,37834002.55,46624899.14,53127582.01
0.0,3377.13,118539.29000000001,2730746.48,6160169.66
1677969.55,1106192.83,744025.78,687610.92,191112.0
316096163.02,208882195.07999998,173039949.19,167619720.85,129698852.81
0.0,0.0,0.0,82.2,75.35
0.0,0.0,0.0,22974.15,83387.45
0.0,0.0,0.0,0.0,42777270.66
429575.5,1412224.68,2874537.57,3214466.91,3662957.61
0.0,0.0,0.0,67213.05,258010.19
52078136.19,109796513.41,132756710.0,137835466.38,156712783.57
59304.77,38506.23,25802.54,15612.96,13586.1
95162.87999999999,92787.2,71918.72,57014.96,49127.86
45615748.35,45552062.52,36363650.09,45851519.24,42623436.42
1592021.71,1294185.78,3101743.4,14250286.290000001,25285426.52
0.0,0.0,13173288.799999999,95829676.03,124493214.78
0.0,105584.96,2287853.76,1578503.33,1890857.34
16675266.139999999,24277612.14,27462803.11,227212791.85000002,433685800.02
77705327.73,110096660.07,111516027.14,105568565.94,110617058.39
1978.14,15590.88,21384.85,9065.93,1073.71
4993.65,6651.81,896.44,3160.78,5625.54
79502.14,65087.299999999996,47457.56,31484.62,25215.31
251073728.20000002,260781954.23000002,258194984.52,183638059.54,161694106.98
5337627.35,17751233.7,21711457.92,25300767.79,32398966.99
592041619.58,574688768.92,608106034.44,672840963.76,774684040.25
34498768.2,35603931.69,35840812.15,33824663.39,37105204.73
193802.82,210434.72,219137.84999999998,195778.82,122489.68
15503.8,9425.1,7745.709999999999,5332.16,2585.5299999999997
5255060.8,7385488.83,4824478.63,3117427.55,5211606.41
7964086.27,5550548.19,5498841.85,5040639.66,1546889.77
0.0,111341.08,354290.15,949006.87,3060408.47
175604357.89000002,171792512.69,167092281.52,126866062.53999999,97380372.47
23712.019999999997,86902.19,69487.0,62875.35,60627.66
196202.3,233470.24,243497.77,337488.69,517561.44
0.0,409.71,266.83,0.0,117.47
1237549.08,3931233.15,2956903.52,3028480.41,1626417.61
2822504.91,3321801.46,2366547.58,1944221.81,1961461.66
7841.72,5720.81,2531.27,1611.21,1349.88
10548372.84,15951809.36,15764896.99,22739499.48,14460108.969999999
19453.08,11856.18,3456.37,2003.15,2714.32
0.0,31762.55,148118.37,128606.81000000001,64930.119999999995
848596.3200000001,801682.11,791870.81,231522.15000000002,254302.98
45474.27,8002.43,0.0,0.0,7952.96
754567043.0799999,907581401.62,889375300.37,980921233.27,1075706174.8700001
59613614.28,68503455.57,82678459.28,95717741.17,117077747.78
0.0,0.0,0.0,189.67,449.58
200813.91,256453.54,225758.52,206835.64,201281.93
8617.05,27819.22,7484.71,5506.97,7805.530000000001
148075.54,14959.96,5491.89,1961.8,1043.4
1613946485.37,1339607952.07,1138034549.25,1093281270.07,1135425831.899
0.0,0.0,0.0,271921.19,990360.39
61499302.89,44447748.56,26096028.23,19377814.13,16406546.34
65638.24,228994.24,217892.71,235784.7,156214.41999999998
360357.27,391021.85,297128.6,264689.07,178830.08
138645.40000000002,196494.78,263108.41000000003,227974.6,207014.4
5402915652.82,5890112547.89,6344064114.56,6734188145.05,7095504812.54
37534.29,70246.83,49173.68,25600.88,60829.5
16064211.26,17085053.94,13647156.6,14317434.07,20830439.490000002
362441.58,365700.05,313229.38,111292.21,22656.92
211722243.08,249301089.79,250174277.93,88201405.23,4568914.89
87178048.65,64599403.910000004,60962051.58,59081145.349999994,53018086.67999999
338599.12,427140.98,476630.82,487781.84,587546.06
0.0,0.0,0.0,0.0,260161.05
11489143.33,11913307.6,19069640.16,25823425.939999998,39698517.25
0.0,0.0,0.0,0.0,1329074.86
2419331.25,72883451.2,139050181.06,193669344.73,253848562.31
182021.94,9314856.0,20170643.64,25768121.79,35554588.41
0.0,0.0,0.0,0.0,36390.65
0.0,3258.65,6791.88,232717.66,1600793.21
0.0,0.0,33456151.09,85621591.05,97415285.19999999
7855415.13,8107017.17,7704437.28,7183786.42,7534948.319999999
92139.73,25963.2,22767.28,21196.32,17978.73
0.0,0.0,0.0,610268.13,7027056.42
2293.31,2899.29,2543.85,1254.72,1168.96
40483033.29,25431992.64,9612885.86,4536357.81,3004800.11
0.0,0.0,0.0,0.0,110060482.08
3799638.89,3222242.93,3425910.57,3286329.95,1303118.98
0.0,3584.99,13569.01,14119.9,11820.52
0.0,0.0,181413.66,926915.0800000001,1514601.3900000001
1180089.03,841443.5800000001,689726.25,523137.76,340636.15
85788.6,59129.38,50730.72,43826.47,28172.79
1402922.3399999999,6036450.14,7693592.210000001,10315664.32,10601496.82
504975022.88,411789534.13,355335852.7,363677657.09000003,370602772.71
140974670.46,171690070.22,149805339.89,9250440.81,1393154.9
12647846.16,13290542.3,15085844.56,18713912.64,24448569.99
29777824.52,30713984.1,36758247.47,32928120.19,30712963.479999997
5222507.77,7093177.66,8795332.6,7009685.51,5026039.69
48678859.32000001,62974194.43,61765598.58,56614916.0,51905922.78
0.0,0.0,3577855.23,32547978.33,68154841.77
21009.78,21568.18,188663.14,220820.41,30164.449999999997
1681232.97,60825132.83,105966340.74000001,172274972.22,217113511.42000002
0.0,66347.84,130295.94,21505.92,11960.73
0.0,0.0,0.0,225148.18,1399389.84
136748.05,90753.27,146352.96,149249.09,43557.88
97511.69,193936.64,160649.7,83932.98,22151.37
155145805.4,171750788.03,170845273.04000002,164547596.49,176406764.7
13233234.04,17390231.94,19172727.06,21832332.93,24165671.34
139920.35,7404987.260000001,18852190.02,3287220.4299999997,3130726.5300000003
0.0,0.0,8446.71,861757.86,2860513.1799999997
505997130.02,401476139.34,392184465.68,399768322.67,482736998.5
20076092.92,7306921.73,570804.54,278101.32,1214720.63
394440.98,466295.34,542442.63,664081.57,865535.34
7042777.17,53282547.5,22562877.13,16861272.35,8467632.19
3462332.0100000002,5513980.37,41732092.23,52707981.6,72116298.24
18592937.24,14103699.43,1872785.48,328611.58,156916.43
93189.77,89011.62,77799.33,3545858.6599999997,24032089.14
655081.4400000001,522712.21,468746.55,440430.18,393283.22
0.0,0.0,0.0,0.0,246.11
981870.98,802209.36,981919.97,0.0,304940.6
93.78,1482200.6400000001,12697744.84,34845140.06,5275086.75
74906894.69,134523662.73,157927094.81,175631578.07,206411820.41
4977375.45,7928190.78,9808228.94,12469602.67,16240479.04
311726811.3301,396248422.93,494788705.94,463250454.17,503753622.05
7609076.38,10333507.13,11514949.88,13974624.53,13871886.06
391975201.81,438942895.35,431314500.5,480691761.83,506667891.03999996
22960.22,36631.48,3810807.3,16094699.46,18360237.95
1261579030.2099998,1336480362.8400002,1463651883.66,1511809126.38,1596202945.57
29946108.02,25516578.79,19193771.25,7304458.47,2627129.81
7530912.76,6486865.13,5718493.46,5534030.35,4925760.31
2947220.93,3842067.7399999998,3771713.5700000003,5971498.48,7331435.05
63680.99,111144.06,92849.4,7363.09,671.62
55663777.76,68717431.28,81028851.12,87018531.68,90515991.16
24214324.06,43120214.22,53909220.42,71763847.23,83817303.10000001
7893.73,6300.08,1742.9,663.56,683.44
20158481.38,30949447.06,40267144.04,6051227.0,1305839.71
34732542.019999996,47825354.08,72267205.17,111710418.06,293230113.06
27134689.740000002,36777284.150000006,41898647.95,41330010.85,35616159.96
74896392.91,90774138.81,116511854.75999999,170407948.07999998,212057568.97000003
2028212010.9599998,2045152384.63,1970010573.72,1690397117.1699998,1507234577.63
1638.83,1127.69,2426.84,1686.82,997.05
566291436.74,540573777.22,476632803.8,408523235.64,415229680.37
54831328.9,50585876.2,38812459.94,26402982.62,19403076.6
14330267.31,28247893.03,57980045.16,38092601.91,4828904.48
846625.47,1182093.38,1799093.17,2139216.3,14683879.28
827.24,249.04,426.37,379.37,260.1
0.0,85972.95,271814.23,402033.66,664235.89
1217829720.45,842306736.01,717919347.9200001,559533183.96,459268660.68
92230478.06,77288367.5,60623949.13999999,19767586.16,4561421.37
0.0,0.0,0.0,0.0,187798.17
433998435.27000004,407077597.13,270931556.24,138969151.54,99855457.35
2079694836.22,2229937567.78,2477895494.53,2495520496.88,2939455316.27
78190502.91,105182471.71,112186155.64,137253250.29000002,114462813.9
1737170.4100000001,2061101.1300000001,2109974.5,2106552.44,2478370.54
108206.31,116788.51,164940.73,254456.54,218800.84
0.0,0.0,0.0,3903050.13,2623461.46
280990.57,264615.76,117164.08,121148.0,151728.18
0.0,0.0,44650.01,95480.41,56372.41
62614.82,1621504.63,4730739.32,8731066.99,11121275.44
4366507.81,11454465.97,27862969.509999998,37627386.53,42173489.57
19550075.060000002,21536321.29,18893371.8,18233469.240000002,22628585.240000002
5362766.44,6033766.04,9784337.57,12076903.85,15806836.64
693645158.11,750524544.23,630515353.83,556427756.86,581905635.91
38238396.5,39244662.75,43971204.29,45721341.879999995,45119135.2
37752045.71,46489932.61,42071142.42,27890988.95,24542795.36
46128968.55,64345302.14,81556349.14,102088400.52,119614175.61
1802673.99,2915178.3,2661714.08,2348219.86,1457760.8
38732956.05,65695997.699999996,97866859.41,126736336.85,122846638.89
279346434.26,302453114.54,331420484.81,353657090.41,392645405.46
673770221.01,786840969.98,885070606.21,982840705.88,636173369.5799999
662441.62,1785165.79,2803699.87,2337823.3,1255391.24
19887.81,24911.89,18183.83,9217.939999999999,8824.85
93702391.94,100682688.78999999,110501234.12,94821143.72,72005997.42
5744684.300000001,11212670.32,10534579.13,9348163.59,7982835.1899999995
0.0,119334.43,792479.67,245318.8,12190.2
16925157.1,18114481.93,22315170.98,23819824.78,25524630.77
0.0,6239192.04,18706131.11,26316245.46,33386794.31
300676871.99,331371992.66,313292595.09,305737989.3,345623330.83
111070466.42999999,125040207.71,160241482.14,177337509.08,259292659.91
195107219.07999998,157848717.54,158504188.07,149332834.74,120871669.38
125484455.46,199317431.11,322224084.36,310886307.52,325070658.01
132025.31,11131.34,7953.76,3015.69,1285.72
0.0,0.0,0.0,28352678.97,164478183.11
0.0,0.0,0.0,1342509.7799999998,2798480.8100000005
3511.17,2584.7,1666.76,1859.44,953.64
3668108.88,3762498.14,3830459.94,3223383.77,2913626.89
237482.11,302034.11,72329.16,16100.25,198625.05
162175506.36,195238702.78,209818629.86,226086751.35999998,216832622.22
716795.77,2846920.57,6260512.65,7870982.43,10310899.74
23432526.18,15903019.32,5625750.220000001,1432131.7100000002,439138.66000000003
560851.68,7823674.52,13472024.28,15764694.72,15023195.04
0.0,0.0,0.0,10920256.0,14688634.37
3748245.48,3344281.1799999997,2698225.54,2408351.23,1729856.27
208937263.63,283138651.21999997,543945927.97,612009947.85,687000288.27
4386043.25,3831970.51,1304086.7000000002,590767.89,360004.66
1681805.2,1885833.59,2211360.09,2772444.55,3027712.44
0.0,0.0,0.0,1196469.0899999999,2320265.46
0.0,0.0,0.0,0.0,2989437.63
1546290380.32,1641312830.3,1796596235.79,1928357990.63,2161604010.92
11685.48,5397.12,5813.91,5422.45,3520.46
0.0,246630.85,20745357.770000003,46583654.82,70677795.28999999
0.0,0.0,72626.91,919028.66,2143655.95
97049540.67,65195574.07,55378406.72,47239734.56,45176662.07
204.11,424.26,853.9,1956.4,1071.86
35646573.52,44946031.050000004,54815860.800000004,37459112.06,24055682.819999997
50250.4,507848.08,631426.44,826788.55,324779.66
0.0,0.0,0.0,191089.74,859043.8
3991400.51,225233.86,47538.36,18907.64,9522.81
2162181.3899999997,1714661.58,5003422.05,7004049.49,1372909.89
0.0,0.0,0.0,86200.15,166249.36
3039323.79,5685952.36,12704744.5,12923003.21,19806926.33
1183063.0699999998,4339071.66,5422636.82,11340767.34,19675307.4
0.0,5588124.13,7241894.79,6839269.56,8180968.32
34563840.39,40781768.410000004,30354158.560000002,10522304.02,2517003.16
0.0,0.0,275451.52999999997,683900.97,659620.88
6061391.93,5592685.96,5096830.1,8471276.69,9214524.0
3017909.52,2329159.3,1950537.21,3604042.45,3633335.8600000003
6282726.959999999,5363493.21,4926819.81,3813677.87,2697946.32
4973469.9399999995,3960913.34,4248393.08,2305465.6100000003,1194664.21
102033.09,123404.46,64124.73,29633.46,35857.74
0.0,0.0,0.0,0.0,1200867.41
0.0,0.0,0.0,1445829.1800000002,3254825.85
25937.36,43642.55,35884.91,13933.12,6262.75
102161.62,276385.04,210190.95,187612.50999999998,152927.71
0.0,0.0,0.0,0.0,1925.41
335817743.46,411802224.579,460472657.81,535306166.51,561949842.18
89889560.35,108258175.83,111734591.31,101492170.29,88087756.3
14834737.25,2393604.97,70774.76,6204.41,845.23
3890896.74,4420248.85,9410675.15,14341811.77,26706908.91
7846600.82,14178063.660000002,14278351.51,8638870.84,7273362.279999999
337972.86,292798.99,368606.0,224679.75,2223269.46
158753231.02,155268599.55,172552802.66,98072497.59,57691424.089999996
3091.53,3917.07,1821.94,0.0,4698.26
54185961.89,61595220.96,51959879.65,34961206.95,35428870.72
6494.25,6753.0,3737.82,5266.95,4666.71
0.0,446146.17000000004,3064816.62,9058650.37,27993109.66
438119.24,1468168.83,1863346.65,1302810.76,1831787.18
239177.88,210965.52,296947.25,219568.44,239659.34999999998
505440.78,417374.14,116595.98,62229.49,52977.44
119202344.28999999,102522625.54,93515152.86999999,78555452.37,65919215.620000005
297551511.87,306397302.96,298132948.87,291232582.93,281548605.22
33398073.550000004,44223731.91,28322716.98,15531592.64,9169830.35
0.0,25855787.63,17413113.34,10208212.5,10997870.33
0.0,0.0,0.0,7140.66,91428.71
0.0,60852.36,4457449.34,19247865.13,36255957.68
4780855.21,5863958.74,17185075.2,69035530.27,119162311.19999999
0.0,0.0,29722.43,236718.02000000002,430035.92
1438.25,52192.1,3218141.98,873878.51,610348.96
3027198.0,4894850.1,4160240.97,2587457.4,1543966.83
11831531.71,13124742.01,11701473.71,12836189.85,13381219.31
844820.14,1441898.32,1244637.46,495570.54,458426.54000000004
0.0,0.0,0.0,0.0,127073.08
0.0,0.0,0.0,0.0,204867.59999999998
0.0,0.0,225196.57,1760999.02,7233073.9
0.0,0.0,0.0,0.0,9274873.87
987760557.38,1347704685.88,1425050361.12,1450439998.05,1427801766.74
133581787.94,138263943.06,175685332.25,181828757.4,177160625.64000002
565384.96,459557.5,563651.08,463800.14,270187.6
14796.76,29916.15,31189.63,12354.94,30845.0
